,keywords,number_of_times_word_appeared,tf,idf,tf_idf
0,match,1,0.045454545454545456,0.0,0.0
1,oday,1,0.045454545454545456,0.0,0.0
2,due,1,0.045454545454545456,0.0,0.0
